contrast	n_genes	n_seeds	mean_rewiring	median_rank_std	top_gene	top_rewiring
ISS_T_YNG_FLT_minus_GC	1200	2	0.0006241852961160625	150.0	ENSMUSG00000119320	0.0036228448383338052
ISS_T_OLD_FLT_minus_GC	1200	2	0.0008592340652697106	128.5	ENSMUSG00000065778	0.007847147454748404
LAR_YNG_FLT_minus_GC	1200	2	0.0006508994975684579	141.25	ENSMUSG00000087963	0.005992319097547216
LAR_OLD_FLT_minus_GC	1200	2	0.0006952995436737215	137.5	ENSMUSG00000093355	0.0066784037086051184
